[
{
"id":"617ec83315ac5cc039950494",
"isActive":true,
"price":"$3,164.16",
"company":"TROLLERY",
"picture":"http://placehold.it/32x32",
"buyer":"Katrina Lamb",
"tags":[
"#eiusmod",
"#qui",
"#elit",
"#elit",
"#aliqua",
"#in",
"#occaecat"
],
"status":"ORDERED",
"registered":"2021-05-15T12:48:03 -02:00"
},
{
"id":"617ec8333eee751d6150968c",
"isActive":false,
"price":"$2,599.06",
"company":"TASMANIA",
"picture":"http://placehold.it/32x32",
"buyer":"Perkins Huber",
"tags":[
"#esse",
"#ad",
"#consequat",
"#Lorem",
"#ullamco",
"#mollit",
"#nulla"
],
"status":"DELIVERED",
"registered":"2021-04-11T04:24:23 -02:00"
},
{
"id":"617ec833f12904d46ae13ea7",
"isActive":false,
"price":"$3,778.80",
"company":"ENAUT",
"picture":"http://placehold.it/32x32",
"buyer":"Hopper Velasquez",
"tags":[
"#eiusmod",
"#qui",
"#ipsum",
"#sunt",
"#eiusmod",
"#enim",
"#minim"
],
"status":"RETURNED",
"registered":"2021-07-02T04:56:54 -02:00"
},
{
"id":"617ec833d9a7fc38137bf0d2",
"isActive":true,
"price":"$3,565.77",
"company":"HOTCAKES",
"picture":"http://placehold.it/32x32",
"buyer":"Monroe Dawson",
"tags":[
"#ea",
"#minim",
"#laboris",
"#incididunt",
"#cupidatat",
"#duis",
"#laborum"
],
"status":"ORDERED",
"registered":"2021-10-06T04:14:33 -02:00"
},
{
"id":"617ec8332f0aedb699922145",
"isActive":false,
"price":"$3,040.14",
"company":"ECRAZE",
"picture":"http://placehold.it/32x32",
"buyer":"Frye Waters",
"tags":[
"#consectetur",
"#esse",
"#adipisicing",
"#sunt",
"#dolore",
"#commodo",
"#anim"
],
"status":"RETURNED",
"registered":"2021-08-05T01:02:51 -02:00"
},
{
"id":"617ec833ea72ff322bffdb6f",
"isActive":true,
"price":"$3,619.55",
"company":"ECRATER",
"picture":"http://placehold.it/32x32",
"buyer":"Whitney Soto",
"tags":[
"#ea",
"#minim",
"#qui",
"#esse",
"#officia",
"#consequat",
"#non"
],
"status":"DELIVERED",
"registered":"2021-03-26T10:12:31 -02:00"
},
{
"id":"617ec833baf04be83f2df2f4",
"isActive":true,
"price":"$3,411.23",
"company":"IMPERIUM",
"picture":"http://placehold.it/32x32",
"buyer":"Robert Barlow",
"tags":[
"#proident",
"#nostrud",
"#consequat",
"#labore",
"#minim",
"#nostrud",
"#mollit"
],
"status":"DELIVERED",
"registered":"2021-10-31T07:37:06 -02:00"
},
{
"id":"617ec833d35b370ce8e97e3e",
"isActive":true,
"price":"$3,208.58",
"company":"MITROC",
"picture":"http://placehold.it/32x32",
"buyer":"Deborah Taylor",
"tags":[
"#et",
"#nisi",
"#Lorem",
"#aliqua",
"#proident",
"#mollit",
"#ullamco"
],
"status":"DELIVERED",
"registered":"2021-08-13T08:08:01 -02:00"
},
{
"id":"617ec8339875e53aa32b8b61",
"isActive":true,
"price":"$2,587.72",
"company":"INSURON",
"picture":"http://placehold.it/32x32",
"buyer":"Holman Sims",
"tags":[
"#est",
"#non",
"#amet",
"#minim",
"#in",
"#cupidatat",
"#reprehenderit"
],
"status":"DELIVERED",
"registered":"2021-07-08T05:32:24 -02:00"
},
{
"id":"617ec83399d75f6a63db32f3",
"isActive":true,
"price":"$3,979.80",
"company":"OBONES",
"picture":"http://placehold.it/32x32",
"buyer":"Florine Mccarty",
"tags":[
"#ut",
"#sunt",
"#aute",
"#eiusmod",
"#est",
"#mollit",
"#culpa"
],
"status":"ORDERED",
"registered":"2021-01-10T06:33:51 -02:00"
},
{
"id":"617ec8337b2c350bcc85b3ee",
"isActive":true,
"price":"$3,825.58",
"company":"SPORTAN",
"picture":"http://placehold.it/32x32",
"buyer":"Marcella Hurst",
"tags":[
"#ex",
"#anim",
"#ipsum",
"#id",
"#cupidatat",
"#esse",
"#eiusmod"
],
"status":"DELIVERED",
"registered":"2021-02-04T06:53:22 -02:00"
},
{
"id":"617ec83364d669728d7ab2f3",
"isActive":true,
"price":"$1,801.06",
"company":"GRUPOLI",
"picture":"http://placehold.it/32x32",
"buyer":"Pugh Powers",
"tags":[
"#magna",
"#dolor",
"#irure",
"#eiusmod",
"#do",
"#adipisicing",
"#sit"
],
"status":"DELIVERED",
"registered":"2021-04-26T10:48:22 -02:00"
},
{
"id":"617ec8339a5adf34be3853f6",
"isActive":true,
"price":"$2,163.85",
"company":"SYNTAC",
"picture":"http://placehold.it/32x32",
"buyer":"Roy Haley",
"tags":[
"#aliqua",
"#ex",
"#est",
"#duis",
"#aute",
"#mollit",
"#laboris"
],
"status":"DELIVERED",
"registered":"2021-01-03T02:10:26 -02:00"
},
{
"id":"617ec8337ca506b62b3d3198",
"isActive":true,
"price":"$1,560.75",
"company":"ZENTHALL",
"picture":"http://placehold.it/32x32",
"buyer":"Ruth Underwood",
"tags":[
"#duis",
"#do",
"#Lorem",
"#amet",
"#anim",
"#ut",
"#aliqua"
],
"status":"RETURNED",
"registered":"2021-02-22T05:39:01 -02:00"
},
{
"id":"617ec8330df93ddce96c60cf",
"isActive":true,
"price":"$3,396.85",
"company":"ZOSIS",
"picture":"http://placehold.it/32x32",
"buyer":"Sasha Ray",
"tags":[
"#officia",
"#aliqua",
"#adipisicing",
"#culpa",
"#sunt",
"#amet",
"#magna"
],
"status":"ORDERED",
"registered":"2021-08-18T07:33:54 -02:00"
},
{
"id":"617ec8330c4abffc135421d4",
"isActive":true,
"price":"$1,563.91",
"company":"CORPULSE",
"picture":"http://placehold.it/32x32",
"buyer":"Dawn Herman",
"tags":[
"#velit",
"#sit",
"#occaecat",
"#laboris",
"#proident",
"#nisi",
"#nisi"
],
"status":"RETURNED",
"registered":"2021-09-19T01:41:06 -02:00"
},
{
"id":"617ec83370465d9298af44b7",
"isActive":true,
"price":"$2,068.57",
"company":"KRAGGLE",
"picture":"http://placehold.it/32x32",
"buyer":"Felecia Sanchez",
"tags":[
"#minim",
"#Lorem",
"#Lorem",
"#ullamco",
"#velit",
"#dolore",
"#anim"
],
"status":"DELIVERED",
"registered":"2021-08-05T03:21:40 -02:00"
},
{
"id":"617ec833d0653ea37c5569e2",
"isActive":false,
"price":"$2,765.90",
"company":"TELEQUIET",
"picture":"http://placehold.it/32x32",
"buyer":"Nichols Mcknight",
"tags":[
"#fugiat",
"#commodo",
"#nisi",
"#ad",
"#non",
"#eiusmod",
"#nisi"
],
"status":"RETURNED",
"registered":"2021-03-26T06:36:49 -02:00"
},
{
"id":"617ec8333151b70ef3af6679",
"isActive":false,
"price":"$3,108.71",
"company":"KINDALOO",
"picture":"http://placehold.it/32x32",
"buyer":"Elba Mcbride",
"tags":[
"#adipisicing",
"#nulla",
"#incididunt",
"#reprehenderit",
"#anim",
"#irure",
"#aute"
],
"status":"ORDERED",
"registered":"2021-01-07T04:43:05 -02:00"
},
{
"id":"617ec8333d6402381d15a7df",
"isActive":true,
"price":"$1,833.05",
"company":"ISOTRONIC",
"picture":"http://placehold.it/32x32",
"buyer":"Barry Blankenship",
"tags":[
"#dolor",
"#fugiat",
"#qui",
"#qui",
"#consequat",
"#aliqua",
"#incididunt"
],
"status":"RETURNED",
"registered":"2021-01-05T09:27:42 -02:00"
},
{
"id":"617ec83333053636a1bf5458",
"isActive":false,
"price":"$2,681.69",
"company":"OPTYK",
"picture":"http://placehold.it/32x32",
"buyer":"Kristin Martin",
"tags":[
"#veniam",
"#officia",
"#cupidatat",
"#eu",
"#velit",
"#dolor",
"#culpa"
],
"status":"RETURNED",
"registered":"2021-10-09T03:50:25 -02:00"
},
{
"id":"617ec8339d5750619b2ecbc6",
"isActive":true,
"price":"$1,969.73",
"company":"ULTRASURE",
"picture":"http://placehold.it/32x32",
"buyer":"Nelda Rollins",
"tags":[
"#fugiat",
"#cillum",
"#eiusmod",
"#consectetur",
"#velit",
"#Lorem",
"#non"
],
"status":"RETURNED",
"registered":"2021-08-22T11:08:56 -02:00"
},
{
"id":"617ec8331a8e0680e2d111ee",
"isActive":true,
"price":"$1,572.78",
"company":"ASSURITY",
"picture":"http://placehold.it/32x32",
"buyer":"Buckley Wilkins",
"tags":[
"#proident",
"#commodo",
"#duis",
"#laboris",
"#pariatur",
"#occaecat",
"#deserunt"
],
"status":"DELIVERED",
"registered":"2021-04-07T07:44:39 -02:00"
},
{
"id":"617ec833432ebd1af1749e62",
"isActive":true,
"price":"$2,136.55",
"company":"EARGO",
"picture":"http://placehold.it/32x32",
"buyer":"Thornton Rodriguez",
"tags":[
"#non",
"#Lorem",
"#pariatur",
"#culpa",
"#magna",
"#tempor",
"#nostrud"
],
"status":"DELIVERED",
"registered":"2021-01-01T03:01:03 -02:00"
},
{
"id":"617ec83358f8f9714deaa2b8",
"isActive":false,
"price":"$3,975.93",
"company":"KENGEN",
"picture":"http://placehold.it/32x32",
"buyer":"Reyna Reyes",
"tags":[
"#magna",
"#consequat",
"#enim",
"#cillum",
"#velit",
"#ex",
"#reprehenderit"
],
"status":"ORDERED",
"registered":"2021-08-24T10:12:43 -02:00"
},
{
"id":"617ec83397063f4ff1078ab2",
"isActive":true,
"price":"$1,123.14",
"company":"QOT",
"picture":"http://placehold.it/32x32",
"buyer":"Wooten Zimmerman",
"tags":[
"#incididunt",
"#enim",
"#sit",
"#non",
"#enim",
"#Lorem",
"#nostrud"
],
"status":"RETURNED",
"registered":"2021-07-31T03:17:22 -02:00"
},
{
"id":"617ec833e9f592625ed77287",
"isActive":true,
"price":"$2,626.16",
"company":"POLARIUM",
"picture":"http://placehold.it/32x32",
"buyer":"Dale Holder",
"tags":[
"#anim",
"#elit",
"#velit",
"#voluptate",
"#enim",
"#labore",
"#cillum"
],
"status":"RETURNED",
"registered":"2021-05-19T05:34:55 -02:00"
},
{
"id":"617ec8334918126e024c3468",
"isActive":false,
"price":"$3,973.45",
"company":"FUTURIZE",
"picture":"http://placehold.it/32x32",
"buyer":"Brandie Best",
"tags":[
"#non",
"#tempor",
"#qui",
"#enim",
"#laborum",
"#irure",
"#ipsum"
],
"status":"DELIVERED",
"registered":"2021-09-07T12:40:47 -02:00"
},
{
"id":"617ec833393e4bafa5713545",
"isActive":true,
"price":"$3,899.34",
"company":"BYTREX",
"picture":"http://placehold.it/32x32",
"buyer":"Vaughan Hickman",
"tags":[
"#voluptate",
"#eu",
"#sunt",
"#ad",
"#mollit",
"#quis",
"#ullamco"
],
"status":"DELIVERED",
"registered":"2021-05-10T07:22:45 -02:00"
},
{
"id":"617ec83336c2e2385caab8e4",
"isActive":false,
"price":"$3,757.99",
"company":"PAWNAGRA",
"picture":"http://placehold.it/32x32",
"buyer":"Roach Swanson",
"tags":[
"#veniam",
"#aute",
"#reprehenderit",
"#exercitation",
"#reprehenderit",
"#veniam",
"#Lorem"
],
"status":"RETURNED",
"registered":"2021-06-27T09:31:24 -02:00"
},
{
"id":"617ec8339eb66a5e0833e300",
"isActive":true,
"price":"$2,209.32",
"company":"GENMEX",
"picture":"http://placehold.it/32x32",
"buyer":"Taylor James",
"tags":[
"#amet",
"#commodo",
"#ea",
"#aliqua",
"#veniam",
"#laboris",
"#mollit"
],
"status":"ORDERED",
"registered":"2021-04-19T05:01:24 -02:00"
},
{
"id":"617ec833b079f2a88f6f6c14",
"isActive":false,
"price":"$2,700.79",
"company":"MUSANPOLY",
"picture":"http://placehold.it/32x32",
"buyer":"Robin Pitts",
"tags":[
"#occaecat",
"#excepteur",
"#nisi",
"#commodo",
"#ea",
"#culpa",
"#nisi"
],
"status":"RETURNED",
"registered":"2021-09-15T04:35:37 -02:00"
},
{
"id":"617ec833c6d5e366f2719e14",
"isActive":false,
"price":"$1,896.09",
"company":"NAVIR",
"picture":"http://placehold.it/32x32",
"buyer":"Walls Murray",
"tags":[
"#ullamco",
"#culpa",
"#eu",
"#officia",
"#sit",
"#aliquip",
"#cupidatat"
],
"status":"DELIVERED",
"registered":"2021-04-30T04:45:16 -02:00"
},
{
"id":"617ec833f7ba958b1daa636b",
"isActive":false,
"price":"$1,806.80",
"company":"DENTREX",
"picture":"http://placehold.it/32x32",
"buyer":"Eliza Mccarthy",
"tags":[
"#esse",
"#aliquip",
"#velit",
"#voluptate",
"#duis",
"#consequat",
"#amet"
],
"status":"ORDERED",
"registered":"2021-09-03T04:10:17 -02:00"
},
{
"id":"617ec833011f4ade7e7fd948",
"isActive":false,
"price":"$2,314.31",
"company":"GLASSTEP",
"picture":"http://placehold.it/32x32",
"buyer":"Oneal Wheeler",
"tags":[
"#nulla",
"#amet",
"#non",
"#ipsum",
"#veniam",
"#cillum",
"#est"
],
"status":"RETURNED",
"registered":"2021-09-08T01:09:24 -02:00"
},
{
"id":"617ec833a8297d97b13ae0d3",
"isActive":true,
"price":"$1,030.95",
"company":"GOGOL",
"picture":"http://placehold.it/32x32",
"buyer":"Rosalinda Gould",
"tags":[
"#cupidatat",
"#labore",
"#dolor",
"#sunt",
"#sunt",
"#mollit",
"#minim"
],
"status":"RETURNED",
"registered":"2021-04-04T07:22:25 -02:00"
},
{
"id":"617ec833a998b517ee9960ce",
"isActive":false,
"price":"$3,631.89",
"company":"IDETICA",
"picture":"http://placehold.it/32x32",
"buyer":"Phillips Cherry",
"tags":[
"#ut",
"#tempor",
"#adipisicing",
"#minim",
"#nisi",
"#anim",
"#enim"
],
"status":"RETURNED",
"registered":"2021-07-01T07:07:24 -02:00"
},
{
"id":"617ec833c83841fbc5bf287b",
"isActive":true,
"price":"$3,854.28",
"company":"COMTEXT",
"picture":"http://placehold.it/32x32",
"buyer":"Blackburn Delaney",
"tags":[
"#aliquip",
"#aliquip",
"#deserunt",
"#occaecat",
"#elit",
"#ut",
"#veniam"
],
"status":"DELIVERED",
"registered":"2021-04-13T01:21:04 -02:00"
},
{
"id":"617ec8337ab0c52b62cbd5b4",
"isActive":false,
"price":"$1,417.08",
"company":"XYQAG",
"picture":"http://placehold.it/32x32",
"buyer":"Doris Witt",
"tags":[
"#do",
"#officia",
"#veniam",
"#sunt",
"#est",
"#et",
"#duis"
],
"status":"RETURNED",
"registered":"2021-01-13T03:18:51 -02:00"
},
{
"id":"617ec833d5ee20d5c88d4476",
"isActive":true,
"price":"$2,452.69",
"company":"SINGAVERA",
"picture":"http://placehold.it/32x32",
"buyer":"Justine Bryant",
"tags":[
"#amet",
"#excepteur",
"#commodo",
"#nostrud",
"#culpa",
"#irure",
"#consectetur"
],
"status":"RETURNED",
"registered":"2021-09-14T07:35:55 -02:00"
},
{
"id":"617ec83335a43fd9687ab504",
"isActive":false,
"price":"$2,241.14",
"company":"EARWAX",
"picture":"http://placehold.it/32x32",
"buyer":"Cunningham Hayden",
"tags":[
"#in",
"#aute",
"#consequat",
"#Lorem",
"#laboris",
"#ullamco",
"#reprehenderit"
],
"status":"RETURNED",
"registered":"2021-06-21T08:33:55 -02:00"
},
{
"id":"617ec833a4fa61fd8c2942d3",
"isActive":true,
"price":"$2,949.38",
"company":"ANDERSHUN",
"picture":"http://placehold.it/32x32",
"buyer":"Michael Workman",
"tags":[
"#eu",
"#non",
"#commodo",
"#elit",
"#Lorem",
"#velit",
"#anim"
],
"status":"DELIVERED",
"registered":"2021-04-09T08:53:25 -02:00"
},
{
"id":"617ec833287d41c4e54d272b",
"isActive":false,
"price":"$2,698.23",
"company":"UNDERTAP",
"picture":"http://placehold.it/32x32",
"buyer":"Anastasia Vinson",
"tags":[
"#adipisicing",
"#in",
"#ipsum",
"#culpa",
"#id",
"#id",
"#et"
],
"status":"DELIVERED",
"registered":"2021-06-29T04:27:22 -02:00"
},
{
"id":"617ec83364e26ec4c05a5b2a",
"isActive":true,
"price":"$3,924.77",
"company":"OCEANICA",
"picture":"http://placehold.it/32x32",
"buyer":"Benton Trevino",
"tags":[
"#proident",
"#magna",
"#ullamco",
"#sunt",
"#elit",
"#do",
"#amet"
],
"status":"RETURNED",
"registered":"2021-03-25T02:29:30 -02:00"
},
{
"id":"617ec833125ee5211acca467",
"isActive":false,
"price":"$1,661.33",
"company":"OVOLO",
"picture":"http://placehold.it/32x32",
"buyer":"Jaime Bishop",
"tags":[
"#sunt",
"#duis",
"#cillum",
"#exercitation",
"#deserunt",
"#nisi",
"#sit"
],
"status":"DELIVERED",
"registered":"2021-05-18T10:28:00 -02:00"
},
{
"id":"617ec8332bf92cff6fcc5c0d",
"isActive":true,
"price":"$3,620.88",
"company":"NETUR",
"picture":"http://placehold.it/32x32",
"buyer":"Mack Le",
"tags":[
"#id",
"#laborum",
"#officia",
"#nulla",
"#veniam",
"#fugiat",
"#ea"
],
"status":"RETURNED",
"registered":"2021-10-21T10:21:11 -02:00"
},
{
"id":"617ec83304551ba200638e7b",
"isActive":false,
"price":"$2,205.79",
"company":"PATHWAYS",
"picture":"http://placehold.it/32x32",
"buyer":"Melva Lancaster",
"tags":[
"#nisi",
"#ipsum",
"#labore",
"#do",
"#tempor",
"#mollit",
"#cupidatat"
],
"status":"ORDERED",
"registered":"2021-01-03T10:57:44 -02:00"
},
{
"id":"617ec833bd8d83a75c95a72b",
"isActive":false,
"price":"$1,644.97",
"company":"BOVIS",
"picture":"http://placehold.it/32x32",
"buyer":"Carol Potter",
"tags":[
"#magna",
"#ipsum",
"#enim",
"#sint",
"#pariatur",
"#laboris",
"#adipisicing"
],
"status":"ORDERED",
"registered":"2021-02-08T04:07:50 -02:00"
},
{
"id":"617ec8330d6b50e7c3e5f26b",
"isActive":true,
"price":"$2,037.33",
"company":"ARTIQ",
"picture":"http://placehold.it/32x32",
"buyer":"Elisabeth Jarvis",
"tags":[
"#consectetur",
"#esse",
"#voluptate",
"#ut",
"#excepteur",
"#nostrud",
"#commodo"
],
"status":"RETURNED",
"registered":"2021-07-27T06:12:48 -02:00"
},
{
"id":"617ec8335808237855afe66b",
"isActive":false,
"price":"$3,259.68",
"company":"PURIA",
"picture":"http://placehold.it/32x32",
"buyer":"Aguilar Daniels",
"tags":[
"#nisi",
"#officia",
"#amet",
"#exercitation",
"#et",
"#officia",
"#dolore"
],
"status":"RETURNED",
"registered":"2021-01-02T05:34:11 -02:00"
},
{
"id":"617ec833ec4f51fa2fde166e",
"isActive":true,
"price":"$1,413.92",
"company":"ISOPOP",
"picture":"http://placehold.it/32x32",
"buyer":"Lott Frost",
"tags":[
"#qui",
"#cupidatat",
"#velit",
"#aliquip",
"#magna",
"#cillum",
"#elit"
],
"status":"RETURNED",
"registered":"2021-10-15T03:52:19 -02:00"
},
{
"id":"617ec833be96e9d72f84b273",
"isActive":false,
"price":"$3,242.18",
"company":"PORTICA",
"picture":"http://placehold.it/32x32",
"buyer":"Crawford Melendez",
"tags":[
"#non",
"#in",
"#esse",
"#exercitation",
"#ullamco",
"#pariatur",
"#ea"
],
"status":"ORDERED",
"registered":"2021-04-06T11:23:44 -02:00"
},
{
"id":"617ec833905ba32076cf8fe4",
"isActive":true,
"price":"$1,495.59",
"company":"SUNCLIPSE",
"picture":"http://placehold.it/32x32",
"buyer":"Leola Mejia",
"tags":[
"#mollit",
"#in",
"#Lorem",
"#velit",
"#fugiat",
"#duis",
"#nisi"
],
"status":"RETURNED",
"registered":"2021-04-01T03:00:23 -02:00"
},
{
"id":"617ec833616b0548d016479f",
"isActive":true,
"price":"$1,219.15",
"company":"QUADEEBO",
"picture":"http://placehold.it/32x32",
"buyer":"Charity Hester",
"tags":[
"#aliquip",
"#dolor",
"#culpa",
"#mollit",
"#magna",
"#non",
"#sint"
],
"status":"DELIVERED",
"registered":"2021-06-14T05:21:25 -02:00"
},
{
"id":"617ec833eff0c3d2e595fe4b",
"isActive":true,
"price":"$3,090.26",
"company":"ZOINAGE",
"picture":"http://placehold.it/32x32",
"buyer":"Wallace Howell",
"tags":[
"#dolor",
"#tempor",
"#aliqua",
"#aute",
"#cupidatat",
"#dolor",
"#ad"
],
"status":"RETURNED",
"registered":"2021-07-26T02:39:39 -02:00"
},
{
"id":"617ec83372dc5ccd37fb1fd9",
"isActive":true,
"price":"$2,623.24",
"company":"PHARMACON",
"picture":"http://placehold.it/32x32",
"buyer":"Corrine Bray",
"tags":[
"#excepteur",
"#irure",
"#elit",
"#elit",
"#veniam",
"#quis",
"#mollit"
],
"status":"RETURNED",
"registered":"2021-02-21T12:56:02 -02:00"
},
{
"id":"617ec8330c3b9a7f8ade31aa",
"isActive":true,
"price":"$3,064.40",
"company":"ISOTERNIA",
"picture":"http://placehold.it/32x32",
"buyer":"Carolina Gonzalez",
"tags":[
"#nisi",
"#cupidatat",
"#nisi",
"#consequat",
"#minim",
"#et",
"#ex"
],
"status":"DELIVERED",
"registered":"2021-03-04T11:13:19 -02:00"
},
{
"id":"617ec8334a56928fee113919",
"isActive":true,
"price":"$2,234.41",
"company":"QUILITY",
"picture":"http://placehold.it/32x32",
"buyer":"Hughes Murphy",
"tags":[
"#laboris",
"#minim",
"#velit",
"#irure",
"#mollit",
"#voluptate",
"#pariatur"
],
"status":"DELIVERED",
"registered":"2021-01-31T01:59:30 -02:00"
},
{
"id":"617ec833521bf773cb4448fb",
"isActive":false,
"price":"$2,155.19",
"company":"CENTREXIN",
"picture":"http://placehold.it/32x32",
"buyer":"Sawyer Carlson",
"tags":[
"#qui",
"#id",
"#est",
"#ut",
"#dolore",
"#quis",
"#do"
],
"status":"ORDERED",
"registered":"2021-05-22T10:19:45 -02:00"
},
{
"id":"617ec83382a258a3176d9e72",
"isActive":false,
"price":"$1,259.33",
"company":"QUONK",
"picture":"http://placehold.it/32x32",
"buyer":"Snider Hale",
"tags":[
"#pariatur",
"#elit",
"#magna",
"#est",
"#est",
"#adipisicing",
"#minim"
],
"status":"RETURNED",
"registered":"2021-10-19T03:08:02 -02:00"
},
{
"id":"617ec833467b569bcdd6bb4c",
"isActive":true,
"price":"$1,427.06",
"company":"GROK",
"picture":"http://placehold.it/32x32",
"buyer":"Mcleod Hobbs",
"tags":[
"#voluptate",
"#sunt",
"#qui",
"#reprehenderit",
"#non",
"#duis",
"#qui"
],
"status":"ORDERED",
"registered":"2021-10-13T11:24:36 -02:00"
},
{
"id":"617ec8332945d0085cb73189",
"isActive":false,
"price":"$1,414.07",
"company":"CALCU",
"picture":"http://placehold.it/32x32",
"buyer":"Annmarie Buchanan",
"tags":[
"#elit",
"#et",
"#nisi",
"#sunt",
"#Lorem",
"#consequat",
"#pariatur"
],
"status":"ORDERED",
"registered":"2021-07-15T10:09:02 -02:00"
},
{
"id":"617ec833715739a1d73775a2",
"isActive":true,
"price":"$1,729.05",
"company":"OATFARM",
"picture":"http://placehold.it/32x32",
"buyer":"Pitts Wiggins",
"tags":[
"#qui",
"#enim",
"#culpa",
"#laborum",
"#est",
"#amet",
"#consequat"
],
"status":"DELIVERED",
"registered":"2021-02-25T12:56:41 -02:00"
},
{
"id":"617ec833010ed98325015776",
"isActive":false,
"price":"$3,662.65",
"company":"NIMON",
"picture":"http://placehold.it/32x32",
"buyer":"Lindsey Rice",
"tags":[
"#incididunt",
"#sint",
"#ipsum",
"#officia",
"#occaecat",
"#deserunt",
"#et"
],
"status":"DELIVERED",
"registered":"2021-07-12T10:58:19 -02:00"
},
{
"id":"617ec83352a1c22941020cfd",
"isActive":false,
"price":"$3,133.88",
"company":"EXTRAGENE",
"picture":"http://placehold.it/32x32",
"buyer":"Bartlett Schneider",
"tags":[
"#pariatur",
"#proident",
"#ex",
"#eu",
"#eu",
"#pariatur",
"#id"
],
"status":"ORDERED",
"registered":"2021-07-14T04:33:14 -02:00"
},
{
"id":"617ec833f137d9cc87d4868d",
"isActive":true,
"price":"$2,129.52",
"company":"PODUNK",
"picture":"http://placehold.it/32x32",
"buyer":"Wynn Mccullough",
"tags":[
"#proident",
"#quis",
"#pariatur",
"#sint",
"#dolor",
"#nostrud",
"#aliqua"
],
"status":"ORDERED",
"registered":"2021-03-02T01:27:46 -02:00"
},
{
"id":"617ec833cd0de6e049f88f14",
"isActive":false,
"price":"$1,171.34",
"company":"NETAGY",
"picture":"http://placehold.it/32x32",
"buyer":"Jocelyn Hughes",
"tags":[
"#commodo",
"#adipisicing",
"#aliquip",
"#ullamco",
"#commodo",
"#amet",
"#aute"
],
"status":"RETURNED",
"registered":"2021-10-03T06:22:25 -02:00"
},
{
"id":"617ec833bef0e90a852d5b6d",
"isActive":false,
"price":"$3,066.58",
"company":"WARETEL",
"picture":"http://placehold.it/32x32",
"buyer":"Marcia Weiss",
"tags":[
"#proident",
"#magna",
"#eiusmod",
"#fugiat",
"#sunt",
"#excepteur",
"#ullamco"
],
"status":"RETURNED",
"registered":"2021-01-15T01:37:46 -02:00"
},
{
"id":"617ec833d54b18bc9484f422",
"isActive":false,
"price":"$3,311.53",
"company":"EXPOSA",
"picture":"http://placehold.it/32x32",
"buyer":"Ericka Mcdaniel",
"tags":[
"#et",
"#excepteur",
"#ut",
"#quis",
"#aliqua",
"#elit",
"#deserunt"
],
"status":"ORDERED",
"registered":"2021-02-27T06:11:33 -02:00"
},
{
"id":"617ec83312d85e2b8d28f8ec",
"isActive":true,
"price":"$1,291.06",
"company":"GEEKOLOGY",
"picture":"http://placehold.it/32x32",
"buyer":"Everett Martinez",
"tags":[
"#ad",
"#duis",
"#voluptate",
"#dolore",
"#ullamco",
"#sint",
"#sunt"
],
"status":"RETURNED",
"registered":"2021-03-18T12:49:14 -02:00"
},
{
"id":"617ec8338ed49afc2151b78a",
"isActive":true,
"price":"$2,535.21",
"company":"ZILLAN",
"picture":"http://placehold.it/32x32",
"buyer":"Latoya Cox",
"tags":[
"#tempor",
"#ipsum",
"#culpa",
"#commodo",
"#pariatur",
"#anim",
"#magna"
],
"status":"RETURNED",
"registered":"2021-07-10T11:55:22 -02:00"
},
{
"id":"617ec83344b8788bdcdf3faf",
"isActive":false,
"price":"$3,976.92",
"company":"GAPTEC",
"picture":"http://placehold.it/32x32",
"buyer":"Juliana Frederick",
"tags":[
"#voluptate",
"#ea",
"#velit",
"#commodo",
"#pariatur",
"#eiusmod",
"#adipisicing"
],
"status":"ORDERED",
"registered":"2021-09-29T08:38:16 -02:00"
},
{
"id":"617ec833c2b3b3a19c8cef87",
"isActive":false,
"price":"$1,641.99",
"company":"LIQUICOM",
"picture":"http://placehold.it/32x32",
"buyer":"Sue Kim",
"tags":[
"#eu",
"#anim",
"#ex",
"#anim",
"#do",
"#irure",
"#non"
],
"status":"DELIVERED",
"registered":"2021-07-05T06:30:11 -02:00"
},
{
"id":"617ec833f43c8e095300626c",
"isActive":false,
"price":"$1,838.87",
"company":"QNEKT",
"picture":"http://placehold.it/32x32",
"buyer":"Mona Foreman",
"tags":[
"#esse",
"#culpa",
"#exercitation",
"#cupidatat",
"#commodo",
"#voluptate",
"#laboris"
],
"status":"DELIVERED",
"registered":"2021-04-26T04:33:30 -02:00"
},
{
"id":"617ec8336212c81f8fc283dc",
"isActive":true,
"price":"$1,977.05",
"company":"BITREX",
"picture":"http://placehold.it/32x32",
"buyer":"Sears Delacruz",
"tags":[
"#exercitation",
"#aute",
"#est",
"#esse",
"#ullamco",
"#consectetur",
"#consectetur"
],
"status":"ORDERED",
"registered":"2021-10-20T06:45:11 -02:00"
},
{
"id":"617ec8331286b68bf22eb108",
"isActive":false,
"price":"$3,234.20",
"company":"NORSUP",
"picture":"http://placehold.it/32x32",
"buyer":"Knapp Fields",
"tags":[
"#officia",
"#voluptate",
"#reprehenderit",
"#officia",
"#aute",
"#non",
"#laboris"
],
"status":"DELIVERED",
"registered":"2021-09-08T12:38:21 -02:00"
},
{
"id":"617ec833bdbba9eda1382df9",
"isActive":true,
"price":"$1,960.43",
"company":"PLASTO",
"picture":"http://placehold.it/32x32",
"buyer":"Vance Bennett",
"tags":[
"#nostrud",
"#incididunt",
"#culpa",
"#dolore",
"#cupidatat",
"#Lorem",
"#amet"
],
"status":"ORDERED",
"registered":"2021-10-23T11:52:52 -02:00"
},
{
"id":"617ec8337d31d7b613fb27ac",
"isActive":true,
"price":"$1,408.12",
"company":"DIGIRANG",
"picture":"http://placehold.it/32x32",
"buyer":"Pennington Contreras",
"tags":[
"#ut",
"#minim",
"#irure",
"#consequat",
"#culpa",
"#eiusmod",
"#fugiat"
],
"status":"DELIVERED",
"registered":"2021-06-18T02:23:38 -02:00"
},
{
"id":"617ec83396145933d3ec5766",
"isActive":false,
"price":"$3,815.92",
"company":"AUSTECH",
"picture":"http://placehold.it/32x32",
"buyer":"Chang Holman",
"tags":[
"#aute",
"#cupidatat",
"#est",
"#Lorem",
"#ea",
"#eu",
"#eu"
],
"status":"ORDERED",
"registered":"2021-09-28T06:43:29 -02:00"
},
{
"id":"617ec833438de1969d2578e1",
"isActive":false,
"price":"$2,621.24",
"company":"RONELON",
"picture":"http://placehold.it/32x32",
"buyer":"Phyllis Vargas",
"tags":[
"#consectetur",
"#ullamco",
"#labore",
"#minim",
"#aute",
"#aliqua",
"#enim"
],
"status":"ORDERED",
"registered":"2021-03-11T10:43:30 -02:00"
},
{
"id":"617ec833ee189e15d7e1b3e0",
"isActive":true,
"price":"$2,461.87",
"company":"PERMADYNE",
"picture":"http://placehold.it/32x32",
"buyer":"Nadine Roberson",
"tags":[
"#minim",
"#incididunt",
"#elit",
"#ad",
"#laboris",
"#reprehenderit",
"#elit"
],
"status":"RETURNED",
"registered":"2021-05-21T01:59:53 -02:00"
},
{
"id":"617ec8338be84543b535078b",
"isActive":true,
"price":"$1,953.70",
"company":"KOZGENE",
"picture":"http://placehold.it/32x32",
"buyer":"Emerson French",
"tags":[
"#mollit",
"#laboris",
"#duis",
"#cillum",
"#excepteur",
"#aliquip",
"#fugiat"
],
"status":"RETURNED",
"registered":"2021-02-15T12:26:12 -02:00"
},
{
"id":"617ec833cc5a7498b2639b79",
"isActive":true,
"price":"$1,405.15",
"company":"VINCH",
"picture":"http://placehold.it/32x32",
"buyer":"Oneil Bartlett",
"tags":[
"#fugiat",
"#laborum",
"#dolore",
"#minim",
"#aliquip",
"#aliquip",
"#ipsum"
],
"status":"DELIVERED",
"registered":"2021-06-19T07:39:36 -02:00"
},
{
"id":"617ec833b1499589a367a88d",
"isActive":false,
"price":"$2,828.68",
"company":"TALAE",
"picture":"http://placehold.it/32x32",
"buyer":"Johanna Henson",
"tags":[
"#adipisicing",
"#incididunt",
"#officia",
"#aliquip",
"#nostrud",
"#elit",
"#tempor"
],
"status":"DELIVERED",
"registered":"2021-08-02T06:08:28 -02:00"
},
{
"id":"617ec833ffeaa0313a94edb1",
"isActive":false,
"price":"$3,894.50",
"company":"HINWAY",
"picture":"http://placehold.it/32x32",
"buyer":"Jewell Marks",
"tags":[
"#pariatur",
"#esse",
"#consectetur",
"#ut",
"#Lorem",
"#labore",
"#elit"
],
"status":"DELIVERED",
"registered":"2021-09-18T11:17:14 -02:00"
},
{
"id":"617ec8339d358a50a8e4addf",
"isActive":false,
"price":"$1,429.77",
"company":"CRUSTATIA",
"picture":"http://placehold.it/32x32",
"buyer":"Alissa Lloyd",
"tags":[
"#nulla",
"#consectetur",
"#culpa",
"#enim",
"#pariatur",
"#proident",
"#dolore"
],
"status":"ORDERED",
"registered":"2021-05-21T04:25:27 -02:00"
},
{
"id":"617ec833cdc92bcf959ef3af",
"isActive":false,
"price":"$3,889.84",
"company":"APEX",
"picture":"http://placehold.it/32x32",
"buyer":"Summer Colon",
"tags":[
"#ullamco",
"#in",
"#sunt",
"#reprehenderit",
"#tempor",
"#dolor",
"#consectetur"
],
"status":"ORDERED",
"registered":"2021-10-17T04:37:05 -02:00"
},
{
"id":"617ec83373e6d1acaaf58642",
"isActive":true,
"price":"$2,767.18",
"company":"FUTURITY",
"picture":"http://placehold.it/32x32",
"buyer":"Wilcox Dalton",
"tags":[
"#duis",
"#veniam",
"#sunt",
"#magna",
"#nulla",
"#et",
"#occaecat"
],
"status":"DELIVERED",
"registered":"2021-01-26T10:43:50 -02:00"
},
{
"id":"617ec833ea309fcdb871c9fd",
"isActive":true,
"price":"$3,707.38",
"company":"ECOSYS",
"picture":"http://placehold.it/32x32",
"buyer":"Rodriquez Schmidt",
"tags":[
"#proident",
"#ut",
"#sunt",
"#commodo",
"#enim",
"#elit",
"#tempor"
],
"status":"RETURNED",
"registered":"2021-08-16T06:02:36 -02:00"
},
{
"id":"617ec833636a6c8c5e9c80b0",
"isActive":true,
"price":"$3,602.87",
"company":"BRISTO",
"picture":"http://placehold.it/32x32",
"buyer":"Burch Rocha",
"tags":[
"#ipsum",
"#magna",
"#incididunt",
"#cupidatat",
"#qui",
"#nisi",
"#reprehenderit"
],
"status":"ORDERED",
"registered":"2021-04-11T09:45:09 -02:00"
},
{
"id":"617ec8332dd75ad3b1000770",
"isActive":true,
"price":"$2,686.35",
"company":"CENTURIA",
"picture":"http://placehold.it/32x32",
"buyer":"Mosley Woodard",
"tags":[
"#deserunt",
"#nisi",
"#eu",
"#reprehenderit",
"#qui",
"#sint",
"#adipisicing"
],
"status":"RETURNED",
"registered":"2021-02-12T06:42:27 -02:00"
},
{
"id":"617ec833ff8ab6a18e1ecd54",
"isActive":false,
"price":"$2,940.30",
"company":"KAGGLE",
"picture":"http://placehold.it/32x32",
"buyer":"Osborne Baker",
"tags":[
"#et",
"#sunt",
"#non",
"#laboris",
"#eu",
"#sit",
"#nisi"
],
"status":"RETURNED",
"registered":"2021-05-04T05:51:10 -02:00"
},
{
"id":"617ec833c46c9dc9fb0efad4",
"isActive":true,
"price":"$3,127.41",
"company":"HANDSHAKE",
"picture":"http://placehold.it/32x32",
"buyer":"Alisha Hunt",
"tags":[
"#ut",
"#amet",
"#nulla",
"#laborum",
"#ex",
"#ut",
"#aliquip"
],
"status":"RETURNED",
"registered":"2021-02-08T03:36:16 -02:00"
},
{
"id":"617ec83325bd89e0b0a7e4ae",
"isActive":false,
"price":"$2,790.92",
"company":"XEREX",
"picture":"http://placehold.it/32x32",
"buyer":"Todd Grant",
"tags":[
"#incididunt",
"#ut",
"#est",
"#in",
"#sunt",
"#labore",
"#do"
],
"status":"ORDERED",
"registered":"2021-06-03T01:03:32 -02:00"
},
{
"id":"617ec83395d27237c0db9019",
"isActive":true,
"price":"$2,545.27",
"company":"EMOLTRA",
"picture":"http://placehold.it/32x32",
"buyer":"Louise Potts",
"tags":[
"#elit",
"#et",
"#exercitation",
"#ex",
"#proident",
"#esse",
"#dolor"
],
"status":"ORDERED",
"registered":"2021-08-06T06:42:54 -02:00"
},
{
"id":"617ec8336454ab41453a174f",
"isActive":true,
"price":"$3,946.39",
"company":"KYAGURU",
"picture":"http://placehold.it/32x32",
"buyer":"Sondra Franklin",
"tags":[
"#ea",
"#qui",
"#sunt",
"#deserunt",
"#non",
"#cillum",
"#excepteur"
],
"status":"DELIVERED",
"registered":"2021-06-19T01:41:37 -02:00"
},
{
"id":"617ec833e415f41c6cfaf2e0",
"isActive":false,
"price":"$3,712.97",
"company":"COMVEX",
"picture":"http://placehold.it/32x32",
"buyer":"Pratt Burt",
"tags":[
"#adipisicing",
"#commodo",
"#incididunt",
"#reprehenderit",
"#ea",
"#amet",
"#mollit"
],
"status":"RETURNED",
"registered":"2021-04-29T11:11:45 -02:00"
},
{
"id":"617ec83376dbcc388ac0c285",
"isActive":false,
"price":"$2,651.12",
"company":"QABOOS",
"picture":"http://placehold.it/32x32",
"buyer":"Nancy Dickerson",
"tags":[
"#consectetur",
"#veniam",
"#sunt",
"#culpa",
"#dolore",
"#irure",
"#elit"
],
"status":"DELIVERED",
"registered":"2021-09-09T10:54:47 -02:00"
},
{
"id":"617ec833da91c20db5e96674",
"isActive":true,
"price":"$2,429.48",
"company":"EBIDCO",
"picture":"http://placehold.it/32x32",
"buyer":"Sutton Rivers",
"tags":[
"#non",
"#irure",
"#irure",
"#incididunt",
"#aute",
"#ipsum",
"#incididunt"
],
"status":"RETURNED",
"registered":"2021-07-10T02:20:36 -02:00"
},
{
"id":"617ec8334edbcffb751298eb",
"isActive":true,
"price":"$1,831.38",
"company":"CABLAM",
"picture":"http://placehold.it/32x32",
"buyer":"Mercer Mercer",
"tags":[
"#excepteur",
"#tempor",
"#ipsum",
"#veniam",
"#eiusmod",
"#fugiat",
"#aute"
],
"status":"RETURNED",
"registered":"2021-02-26T12:24:45 -02:00"
}
]